{"fields":[],"relationships":[],"properties":{"property_details":{"type":"user_group","is_array":true,"validated":false,"displayInChild":false,"restricted":false,"values":[],"label":{"default":"Value"}}},"localized_metadata_attributes":{"name":{"default":"Custom_relationship"}},"decorates":[{"asset_type_name":"data_asset"}],"global_search_searchable":[],"attribute_only":true,"is_column_custom_attribute":true,"can_have_image":false,"version":1,"name":"custom-attribute-721f6090.6acd460b.6458m4o47.0fu9vgo.tlp1jv.lnfq5nd9f9fsni6mlg6v7#steward#column","scope":"ACCOUNT","allow_decorators":false}