{"fields":[],"relationships":[],"properties":{"property_details":{"type":"number","is_array":false,"validated":false,"displayInChild":false,"restricted":false,"values":[],"label":{"default":"Value"}}},"localized_metadata_attributes":{"name":{"default":"CA_2"}},"decorates":[{"asset_type_name":"data_rule_definition"},{"asset_type_name":"data_rule"}],"global_search_searchable":[],"attribute_only":true,"is_column_custom_attribute":false,"can_have_image":false,"version":1,"name":"custom-attribute-721f6090.6acd460b.5nl8kv1dn.0snamrh.4t815s.ki10d4kid7aelirucpujd","scope":"ACCOUNT","allow_decorators":false}