{"description":"CA num for all supported types","fields":[],"relationships":[],"properties":{"property_details":{"type":"number","is_array":true,"validated":false,"displayInChild":false,"restricted":false,"values":[],"label":{"default":"Value"}}},"localized_metadata_attributes":{"name":{"default":"CA_num"},"description":{"default":"CA num for all supported types"}},"decorates":[{"asset_type_name":"data_asset"}],"global_search_searchable":[],"attribute_only":true,"is_column_custom_attribute":true,"can_have_image":false,"version":1,"name":"custom-attribute-721f6090.6acd460b.30tojvu8e.1c8sp10.4k558m.nmqrqufvphdmfjsjor8dq#column","scope":"ACCOUNT","allow_decorators":false}