{"description":"CA_LJP_DATE_1CA_LJP_DATE_1CA_LJP_DATE_1","fields":[],"relationships":[],"properties":{"property_details":{"type":"date","is_array":false,"validated":false,"displayInChild":false,"restricted":false,"values":[],"label":{"default":"Value"}}},"localized_metadata_attributes":{"name":{"default":"CA_LJP_DATE_1"},"description":{"default":"CA_LJP_DATE_1CA_LJP_DATE_1CA_LJP_DATE_1"}},"decorates":[{"asset_type_name":"ljpbundle-computer"}],"global_search_searchable":[],"attribute_only":true,"is_column_custom_attribute":false,"can_have_image":false,"version":1,"name":"custom-attribute-721f6090.6acd460b.30tojvu7b.kildfh2.o57ut6.08utcunao5tr6jj9jripg","scope":"ACCOUNT","allow_decorators":false}