{"description":"CA_LJP_NUM_NCA_LJP_NUM_NCA_LJP_NUM_NCA_LJP_NUM_N","fields":[],"relationships":[],"properties":{"property_details":{"type":"number","is_array":true,"validated":false,"displayInChild":false,"restricted":false,"values":[],"label":{"default":"Value"}}},"localized_metadata_attributes":{"name":{"default":"CA_LJP_NUM_N"},"description":{"default":"CA_LJP_NUM_NCA_LJP_NUM_NCA_LJP_NUM_NCA_LJP_NUM_N"}},"decorates":[{"asset_type_name":"ljpbundle-computer"}],"global_search_searchable":[],"attribute_only":true,"is_column_custom_attribute":false,"can_have_image":false,"version":1,"name":"custom-attribute-721f6090.6acd460b.30tojvu7c.8qpaq96.0tjb86.6e6vrp6s9keu3c7tb4tr4","scope":"ACCOUNT","allow_decorators":false}