{"fields":[],"relationships":[],"properties":{"property_details":{"type":"date","is_array":true,"validated":false,"displayInChild":false,"restricted":false,"values":[],"label":{"default":"Value"}}},"localized_metadata_attributes":{"name":{"default":"CA_EDS_dateN"}},"decorates":[{"asset_type_name":"eds_method"},{"asset_type_name":"eds_application"},{"asset_type_name":"eds_output_value"},{"asset_type_name":"eds_input_parameter"},{"asset_type_name":"eds_object_type"}],"global_search_searchable":[],"attribute_only":true,"is_column_custom_attribute":false,"can_have_image":false,"version":1,"name":"custom-attribute-721f6090.6acd460b.6458m3vre.nes5ddi.6ubil6.sb26cfn0vam91g2psh5oo","scope":"ACCOUNT","allow_decorators":false}