{"description":"CA_LJP_TXT_NCA_LJP_TXT_NCA_LJP_TXT_N","fields":[],"relationships":[],"properties":{"property_details":{"type":"string","is_array":true,"validated":false,"displayInChild":false,"restricted":false,"values":[],"label":{"default":"Value"}}},"localized_metadata_attributes":{"name":{"default":"CA_LJP_TXT_N"},"description":{"default":"CA_LJP_TXT_NCA_LJP_TXT_NCA_LJP_TXT_N"}},"decorates":[{"asset_type_name":"ljpbundle-computer"}],"global_search_searchable":[],"attribute_only":true,"is_column_custom_attribute":false,"can_have_image":false,"version":1,"name":"custom-attribute-721f6090.6acd460b.30tojvu7c.3cc85up.j29cpb.2sd7j20q6ar84ffg9rsro","scope":"ACCOUNT","allow_decorators":false}