{"fields":[],"relationships":[],"properties":{"property_details":{"type":"user_group","is_array":true,"validated":false,"displayInChild":false,"restricted":false,"values":[],"label":{"default":"Value"}}},"localized_metadata_attributes":{"name":{"default":"CR_BI"}},"decorates":[{"asset_type_name":"ibm_bi_report_query"},{"asset_type_name":"ibm_bi_report_query_item"},{"asset_type_name":"ibm_bi_report"},{"asset_type_name":"ljpbundle-computer"},{"asset_type_name":"data_asset"},{"asset_type_name":"ibm_emd_mapping_group"}],"global_search_searchable":[],"attribute_only":true,"is_column_custom_attribute":false,"can_have_image":false,"version":1,"name":"custom-attribute-721f6090.6acd460b.30tojvu6r.h8oo5hn.ggvosv.rg4e6pv94k2plse7eopgv#steward","scope":"ACCOUNT","allow_decorators":false}