{"description":"Here we are testing the translation of Enumerated type","fields":[],"relationships":[],"properties":{"property_details":{"type":"enumeration","is_array":false,"validated":false,"displayInChild":false,"restricted":false,"values":[{"name":"Two"},{"name":"Three"},{"name":"One"}],"label":{"default":"Value"},"localized":[{"locale":"default","values":[{"id":"Two","name":"Two","description":"Two Description"},{"id":"Three","name":"Three","description":" Three Description"},{"id":"One","name":"One","description":"One Description"}]},{"locale":"es","values":[{"id":"One","name":"Una","description":"Una Descripción"},{"id":"Two","name":"Dos","description":"Dos Descripción"},{"id":"Three","name":"Tres","description":"Tres Descripción"}]},{"locale":"ja","values":[{"id":"One","name":"つ","description":"説明"},{"id":"Two","name":"2つ","description":"2つの説明"},{"id":"Three","name":"三つ","description":"3つの説明"}]},{"locale":"pt-BR","values":[{"id":"One","name":"Um","description":"Um Descrição"},{"id":"Two","name":"Dois","description":"Dois Descrição"},{"id":"Three","name":"Três","description":"Três Descrição"}]},{"locale":"fr","values":[{"id":"One","name":"un","description":"Une description"},{"id":"Two","name":"Deux","description":"Deux Description"},{"id":"Three","name":"Trois","description":"Trois Description"}]},{"locale":"it","values":[{"id":"One","name":"Uno","description":"Uno Descrizione"},{"id":"Two","name":"Due","description":"Due Descrizione"},{"id":"Three","name":"Tre","description":"Tre Descrizione"}]},{"locale":"zh-tw","values":[{"id":"One","name":"一个","description":"一个描述"},{"id":"Two","name":"二","description":"两个描述"},{"id":"Three","name":"三","description":" 三个描述"}]},{"locale":"zh","values":[{"id":"One","name":"一个","description":"一个描述"},{"id":"Two","name":"二","description":"两个描述"},{"id":"Three","name":"三","description":" 三个描述"}]},{"locale":"ko","values":[{"id":"One","name":"한","description":"한 설명"},{"id":"Two","name":"두","description":"두 설명"},{"id":"Three","name":"세","description":"세 설명"}]},{"locale":"de","values":[{"id":"One","name":"Eine","description":"Eine Beschreibung"},{"id":"Two","name":"Zwei","description":"Zwei Beschreibung"},{"id":"Three","name":"Drei","description":"Drei Beschreibung"}]},{"locale":"ru","values":[{"id":"One","name":"Один","description":"Один Описание"},{"id":"Two","name":"Два","description":"Два Описание"},{"id":"Three","name":"Три","description":"Три Описание"}]}]}},"localized_metadata_attributes":{"name":{"default":"Custom_Attribute___0003","de":"Benutzerdefiniertes_Attribut___0003","es":"Atributo_personalizado___0003","fr":"Attribut_personnel___0003","it":"Attributo_personalizzato___0003","ja":"カスタム属性___0003","ko":"사용자 지정 속성___0003","ru":"Атрибут___0003","zh":"自定义属性___0003","zh-TW":"自定属性___0003"},"description":{"default":"Here we are testing the translation of Enumerated type","de":"Hier testen wir die Übersetzung des Typs Enumerated","es":"Aquí estamos probando la traducción del tipo Enumerado","fr":"Nous testons ici la traduction du type énuméré","it":"Qui stiamo testando la traduzione del tipo Enumerated","ja":"ここでは列挙型の翻訳をテストしています","ko":"여기서는 열거형 타입의 번역을 테스트하고 있습니다","ru":"Здесь мы тестируем перевод перечисляемого типа","zh":"这里我们测试日期类型的翻译","zh-TW":"这里我们测试枚举类型的翻译"}},"decorates":[{"asset_type_name":"data_asset"}],"global_search_searchable":[],"attribute_only":true,"is_column_custom_attribute":false,"can_have_image":false,"version":1,"name":"custom-attribute-721f6090.6acd460b.30tojvu8t.2c6jst7.djgmqe.gc36oleuvp3lkjll4dus8","scope":"ACCOUNT","allow_decorators":false}