{"description":"Here we are testing the translation of Numeric type","fields":[],"relationships":[],"properties":{"property_details":{"type":"number","is_array":true,"validated":false,"displayInChild":true,"restricted":false,"values":[],"label":{"default":"Value"}}},"localized_metadata_attributes":{"name":{"default":"Custom_Attribute___0001","de":"Benutzerdefiniertes_Attribut___0001","es":"Atributo_personalizado___0001","fr":"Attribut_personnel___0001","it":"Attributo_personalizzato___0001","ja":"カスタム属性___0001","ko":"사용자 지정 속성___0001","ru":"Атрибут___0001","zh":"自定义属性___0001","zh-TW":"自定属性___0001"},"description":{"default":"Here we are testing the translation of Numeric type","de":"Hier testen wir die Übersetzung des numerischen Typs","es":"Aquí estamos probando la traducción de tipo numérico","fr":"Nous testons ici la traduction du type numérique","it":"Qui stiamo testando la traduzione del tipo numerico","ja":"ここでは数値型の変換をテストしています","ko":"여기서는 숫자 타입의 번역을 테스트하고 있습니다","ru":"Здесь мы тестируем перевод числового типа","zh":"这里我们测试数字类型的翻译译","zh-TW":"这里我们测试数字类型的翻译"}},"decorates":[{"asset_type_name":"data_asset"}],"global_search_searchable":[],"attribute_only":true,"is_column_custom_attribute":false,"can_have_image":false,"version":1,"name":"custom-attribute-721f6090.6acd460b.30tojvu92.2o2mc9s.3k2ioj.l058tjjki4drnnsdgk0bd","scope":"ACCOUNT","allow_decorators":false}