{"description":"CA_LJP_ENUM_1CA_LJP_ENUM_1CA_LJP_ENUM_1","fields":[],"relationships":[],"properties":{"property_details":{"type":"enumeration","is_array":false,"validated":false,"displayInChild":false,"restricted":false,"values":[{"name":"1"},{"name":"2"},{"name":"3"}],"label":{"default":"Value"},"localized":[{"locale":"default","values":[{"id":"1","name":"1","description":"a"},{"id":"2","name":"2","description":"b"},{"id":"3","name":"3","description":"c"}]}]}},"localized_metadata_attributes":{"name":{"default":"CA_LJP_ENUM_1"},"description":{"default":"CA_LJP_ENUM_1CA_LJP_ENUM_1CA_LJP_ENUM_1"}},"decorates":[{"asset_type_name":"ljpbundle-computer"}],"global_search_searchable":[],"attribute_only":true,"is_column_custom_attribute":false,"can_have_image":false,"version":1,"name":"custom-attribute-721f6090.6acd460b.30tojvu7b.e1m9610.lvaidu.jsf598naj9p5vh0hmedbv","scope":"ACCOUNT","allow_decorators":false}