{"description":"custom attribute for BI","fields":[],"relationships":[],"properties":{"property_details":{"type":"date","is_array":false,"validated":false,"displayInChild":false,"restricted":false,"values":[],"label":{"default":"Value"}}},"localized_metadata_attributes":{"name":{"default":"CA_sv_BI_DATE"},"description":{"default":"custom attribute for BI"}},"decorates":[{"asset_type_name":"ibm_bi_report_query"},{"asset_type_name":"ibm_bi_report_query_item"},{"asset_type_name":"ibm_bi_report"}],"global_search_searchable":[],"attribute_only":true,"is_column_custom_attribute":false,"can_have_image":false,"version":1,"name":"custom-attribute-721f6090.6acd460b.30tojvu5i.34se2h1.2b36hd.rnh3nh9ljtsj1pgc088n6","scope":"ACCOUNT","allow_decorators":false}