{"fields":[],"relationships":[],"properties":{"property_details":{"type":"date","is_array":false,"validated":false,"displayInChild":false,"restricted":false,"values":[],"label":{"default":"Value"}}},"localized_metadata_attributes":{"name":{"default":"CA_EDS_date1"}},"decorates":[{"asset_type_name":"eds_method"},{"asset_type_name":"eds_application"},{"asset_type_name":"eds_output_value"},{"asset_type_name":"eds_input_parameter"},{"asset_type_name":"eds_object_type"}],"global_search_searchable":[],"attribute_only":true,"is_column_custom_attribute":false,"can_have_image":false,"version":1,"name":"custom-attribute-721f6090.6acd460b.6458m3vrb.a8jp10a.s4u3h8.v1t42srdj1avkafinsbld","scope":"ACCOUNT","allow_decorators":false}