{"fields":[],"relationships":[],"properties":{"property_details":{"type":"date","is_array":false,"validated":false,"displayInChild":false,"restricted":false,"values":[],"label":{"default":"Value"}}},"localized_metadata_attributes":{"name":{"default":"mapping_single_date"}},"decorates":[{"asset_type_name":"ibm_emd_mapping"}],"global_search_searchable":[],"attribute_only":true,"is_column_custom_attribute":false,"can_have_image":false,"version":1,"name":"custom-attribute-721f6090.6acd460b.30tojvu6c.kotf85m.r90gb5.5qq7r6q8dsnosngc9i86d","scope":"ACCOUNT","allow_decorators":false}