{"description":"Enum for all supported","fields":[],"relationships":[],"properties":{"property_details":{"type":"enumeration","is_array":true,"validated":false,"displayInChild":false,"restricted":false,"values":[{"name":"4"},{"name":"1"},{"name":"2"},{"name":"3"}],"label":{"default":"Value"},"localized":[{"locale":"default","values":[{"id":"4","name":"4","description":"d"},{"id":"1","name":"1","description":"a"},{"id":"2","name":"2","description":"b"},{"id":"3","name":"3","description":"c"}]}]}},"localized_metadata_attributes":{"name":{"default":"CA_enum"},"description":{"default":"Enum for all supported"}},"decorates":[{"asset_type_name":"ibm_bi_report_query"},{"asset_type_name":"ibm_bi_report_query_item"},{"asset_type_name":"ibm_bi_report"},{"asset_type_name":"data_asset"},{"asset_type_name":"ibm_logical_model"},{"asset_type_name":"ibm_logical_model_attribute"},{"asset_type_name":"ibm_logical_model_entity"}],"global_search_searchable":[],"attribute_only":true,"is_column_custom_attribute":false,"can_have_image":false,"version":1,"name":"custom-attribute-721f6090.6acd460b.30tojvu8s.klibnmu.m3u9jh.03mujch9fg28el50h7gdv","scope":"ACCOUNT","allow_decorators":false}