{"description":"CR Assets To Steward description","fields":[],"relationships":[],"properties":{"property_details":{"type":"user_group","is_array":true,"validated":false,"displayInChild":true,"restricted":false,"values":[],"label":{"default":"Value"}}},"localized_metadata_attributes":{"name":{"default":"CR Assets To Steward"},"description":{"default":"CR Assets To Steward description"}},"decorates":[{"asset_type_name":"ibm_bi_report_query"},{"asset_type_name":"ibm_bi_report_query_item"},{"asset_type_name":"ibm_bi_report"},{"asset_type_name":"data_asset"},{"asset_type_name":"ibm_logical_model"},{"asset_type_name":"ibm_physical_model"}],"global_search_searchable":[],"attribute_only":true,"is_column_custom_attribute":false,"can_have_image":false,"version":1,"name":"custom-attribute-721f6090.6acd460b.30tojvu8k.ghcpre0.7grk2m.go065ef2b6bm3hkf85lsp#steward","scope":"ACCOUNT","allow_decorators":false}