{"fields":[],"relationships":[],"properties":{"property_details":{"type":"enumeration","is_array":true,"validated":false,"displayInChild":false,"restricted":false,"values":[{"name":"1"},{"name":"2"},{"name":"3"}],"label":{"default":"Value"},"localized":[{"locale":"default","values":[{"id":"1","name":"1","description":"a"},{"id":"2","name":"2","description":"b"},{"id":"3","name":"3","description":"c"}]}]}},"localized_metadata_attributes":{"name":{"default":"mapping_enum"}},"decorates":[{"asset_type_name":"ibm_emd_mapping"}],"global_search_searchable":[],"attribute_only":true,"is_column_custom_attribute":false,"can_have_image":false,"version":1,"name":"custom-attribute-721f6090.6acd460b.30tojvu90.117mmt5.ffe1pr.niud0tflrs2e4tt194g6u","scope":"ACCOUNT","allow_decorators":false}