{"fields":[],"relationships":[],"properties":{"property_details":{"type":"date","is_array":true,"validated":false,"displayInChild":false,"restricted":false,"values":[],"label":{"default":"Value"}}},"localized_metadata_attributes":{"name":{"default":"mapping_date"}},"decorates":[{"asset_type_name":"ibm_emd_mapping"}],"global_search_searchable":[],"attribute_only":true,"is_column_custom_attribute":false,"can_have_image":false,"version":1,"name":"custom-attribute-721f6090.6acd460b.30tojvu8v.lnm8s1c.1hjdit.dsceflr7dnh5a5o2ip11e","scope":"ACCOUNT","allow_decorators":false}