{"description":"custom attribute for BI","fields":[],"relationships":[],"properties":{"property_details":{"type":"string","is_array":false,"validated":false,"displayInChild":false,"restricted":false,"values":[],"label":{"default":"Value"}}},"localized_metadata_attributes":{"name":{"default":"CA_sv_BI_TXT"},"description":{"default":"custom attribute for BI"}},"decorates":[{"asset_type_name":"ibm_bi_report_query"},{"asset_type_name":"ibm_bi_report_query_item"},{"asset_type_name":"ibm_bi_report"}],"global_search_searchable":[],"attribute_only":true,"is_column_custom_attribute":false,"can_have_image":false,"version":1,"name":"custom-attribute-721f6090.6acd460b.30tojvu5h.uf0119k.kvs6us.f213mu9pcktoiit2sm5pq","scope":"ACCOUNT","allow_decorators":false}