{"description":"Here we are testing the translation of Date type","fields":[],"relationships":[],"properties":{"property_details":{"type":"date","is_array":false,"validated":false,"displayInChild":false,"restricted":false,"values":[],"label":{"default":"Value"}}},"localized_metadata_attributes":{"name":{"default":"Custom_Attribute___0002","de":"Benutzerdefiniertes_Attribut___0002","es":"Atributo_personalizado___0002","fr":"Attribut_personnel___0002","it":"Attributo_personalizzato___0002","ja":"カスタム属性___0002","ko":"사용자 지정 속성___0002","ru":"Атрибут___0002","zh":"自定义属性___0002","zh-TW":"自定属性___0002"},"description":{"default":"Here we are testing the translation of Date type","de":"Hier testen wir die Übersetzung des Typs Date","es":"Aquí estamos probando la traducción del tipo Date","fr":"Nous testons ici la traduction du type Date","it":"Qui stiamo testando la traduzione del tipo Date","ja":"ここでは、Date型の翻訳をテストしています","ko":"여기서는 날짜 유형의 번역을 테스트하고 있습니다","ru":"Здесь мы тестируем перевод типа Date","zh":"这里我们测试日期类型的翻译","zh-TW":"这里我们测试日期类型的翻译译"}},"decorates":[{"asset_type_name":"data_asset"}],"global_search_searchable":[],"attribute_only":true,"is_column_custom_attribute":false,"can_have_image":false,"version":1,"name":"custom-attribute-721f6090.6acd460b.30tojvu8o.godpanr.3ansi4.ceq2nrs0hfedv65qap88q","scope":"ACCOUNT","allow_decorators":false}