{"description":"test","fields":[],"relationships":[],"properties":{"property_details":{"type":"string","is_array":true,"validated":false,"displayInChild":false,"restricted":false,"values":[],"label":{"default":"Value"}}},"localized_metadata_attributes":{"name":{"default":"CA_text2"},"description":{"default":"test"}},"decorates":[{"asset_type_name":"datamass-job"},{"asset_type_name":"ibm_emd_mapping"},{"asset_type_name":"ljpbundle-computer"},{"asset_type_name":"ibm_emd_mapping_group"},{"asset_type_name":"ibm_physical_model"}],"global_search_searchable":[],"attribute_only":true,"is_column_custom_attribute":false,"can_have_image":false,"version":1,"name":"custom-attribute-721f6090.6acd460b.30tojvu8f.nk7t0kp.iag8fa.t9afgnv4qec223779nmbl","scope":"ACCOUNT","allow_decorators":false}