{"description":"custom attribute for BI","fields":[],"relationships":[],"properties":{"property_details":{"type":"number","is_array":true,"validated":false,"displayInChild":false,"restricted":false,"values":[],"label":{"default":"Value"}}},"localized_metadata_attributes":{"name":{"default":"CA_BI_NUM"},"description":{"default":"custom attribute for BI"}},"decorates":[{"asset_type_name":"ibm_bi_report_query"},{"asset_type_name":"ibm_bi_report_query_item"},{"asset_type_name":"ibm_bi_report"}],"global_search_searchable":[],"attribute_only":true,"is_column_custom_attribute":false,"can_have_image":false,"version":1,"name":"custom-attribute-721f6090.6acd460b.30tojvu60.q8essvq.o38abc.hubosku9l20gr0i5i7rl1","scope":"ACCOUNT","allow_decorators":false}