{"description":"datamass-stage_transformer","fields":[],"relationships":[],"properties":{"stageType":{"type":"string","is_array":false,"validated":false,"displayInChild":false,"restricted":false,"values":[],"label":{"default":"Stage Type","de":"Stage Type"}}},"localized_metadata_attributes":{"name":{"de":"DataMass Transformer Stage","default":"DataMass Transformer Stage"}},"identity":{"strategy":"DUPLICATE_DETECTION_BY_RESOURCE_KEY"},"global_search_searchable":[],"attribute_only":false,"is_column_custom_attribute":false,"can_have_image":false,"version":1,"name":"datamass-stage_transformer","scope":"ACCOUNT","decorated_by":[{"asset_type_name":"igc-common-properties-section"}],"allow_decorators":true}