{"description":"datamass-project","fields":[],"relationships":[],"properties":{"phase":{"type":"enumeration","is_array":false,"validated":false,"displayInChild":false,"restricted":false,"values":[{"name":"DEV"},{"name":"TEST"},{"name":"PROD"}],"label":{"default":"Phase","de":"Arbeitsphase"},"localized":[{"locale":"de","values":[{"id":"DEV","name":"In Entwicklung"},{"id":"TEST","name":"Wird geprüft"},{"id":"PROD","name":"In Produktion"}]},{"locale":"default","values":[{"id":"DEV","name":"In Development"},{"id":"TEST","name":"Undergoes Testing"},{"id":"PROD","name":"In Production"}]}]}},"localized_metadata_attributes":{"name":{"de":"DataMass Projekt","default":"DataMass Project"}},"identity":{"strategy":"DUPLICATE_DETECTION_BY_RESOURCE_KEY"},"global_search_searchable":[],"attribute_only":false,"is_column_custom_attribute":false,"can_have_image":true,"version":1,"name":"datamass-project","scope":"ACCOUNT","decorated_by":[{"asset_type_name":"igc-common-properties-section"}],"allow_decorators":true}