{"description":"datamass-datafield","fields":[],"relationships":[],"properties":{"datatype":{"type":"string","is_array":false,"validated":false,"displayInChild":false,"restricted":false,"values":[],"label":{"default":"Data Type","de":"Data Type"}}},"localized_metadata_attributes":{"name":{"de":"DataMass Job Field","default":"DataMass Job Field"}},"identity":{"strategy":"DUPLICATE_DETECTION_BY_RESOURCE_KEY"},"global_search_searchable":[],"attribute_only":false,"is_column_custom_attribute":false,"can_have_image":false,"version":1,"name":"datamass-datafield","scope":"ACCOUNT","decorated_by":[{"asset_type_name":"section-datamass-datafield-rules"},{"asset_type_name":"igc-common-properties-section"},{"asset_type_name":"section-datamass-datafield-analytics"}],"allow_decorators":true}