{"description":"datamass-job","fields":[],"relationships":[],"properties":{"version":{"type":"string","is_array":false,"validated":false,"displayInChild":false,"restricted":false,"values":[],"label":{"default":"Version","de":"Version"}},"expandable_in_lineage":{"type":"bool","is_array":false,"hidden":true,"validated":false,"displayInChild":false,"restricted":false,"default_value":true}},"localized_metadata_attributes":{"name":{"de":"DataMass Prozess","default":"DataMass Job"}},"identity":{"strategy":"DUPLICATE_DETECTION_BY_RESOURCE_KEY"},"global_search_searchable":[],"attribute_only":false,"is_column_custom_attribute":false,"can_have_image":true,"version":1,"name":"datamass-job","scope":"ACCOUNT","decorated_by":[{"asset_type_name":"custom-attribute-721f6090.6acd460b.30tojvu8u.vqc6urt.khchdg.drqptdnej2h8cp26a8lsm"},{"asset_type_name":"custom-attribute-721f6090.6acd460b.30tojvu8m.ojraim8.erss3f.ac87smd2fo9g46nhjcb6n"},{"asset_type_name":"custom-attribute-721f6090.6acd460b.30tojvu8e.o2i3kqa.c9lqj1.s0mi09jsv3njjah8tkube"},{"asset_type_name":"igc-common-properties-section"},{"asset_type_name":"custom-attribute-721f6090.6acd460b.30tojvu8f.nk7t0kp.iag8fa.t9afgnv4qec223779nmbl"},{"asset_type_name":"section-datamass-job-job_details"}],"allow_decorators":true}