{"description":"The data_rule asset type.","fields":[{"key":"name","type":"String","facet":false,"is_array":false,"is_searchable_across_types":false}],"relationships":[],"localized_metadata_attributes":{"name":{"default":"Data quality rule","en":"Data quality rule"}},"global_search_searchable":[],"attribute_only":false,"is_column_custom_attribute":false,"can_have_image":false,"version":1,"name":"data_rule","scope":"GLOBAL","decorated_by":[{"asset_type_name":"igc-common-properties-section"},{"asset_type_name":"custom-attribute-721f6090.6acd460b.5nl8kv1dn.0snamrh.4t815s.ki10d4kid7aelirucpujd"},{"asset_type_name":"custom-attribute-721f6090.6acd460b.5nl8kv1co.82ae8qv.apa4af.o62ek6dh7h19t9mkho2ul"}],"allow_decorators":true}