{"fields":[],"relationships":[],"localized_metadata_attributes":{"name":{"fr":"Colonne résultat","default":"Result Column","pt":"Coluna de Resultados","de":"Ergebnisspalte","it":"Colonna dei risultati","ko":"결과 열","ar":"عمود النتيجة","iw":"עמודת תוצאות","ru":"Столбец результатов","en":"Result Column","zh":"结果列","ja":"結果列","zh-TW":"結果直欄","es":"Columna de resultados"}},"identity":{"strategy":"DUPLICATE_DETECTION_BY_RESOURCE_KEY"},"global_search_searchable":[],"attribute_only":false,"is_column_custom_attribute":false,"can_have_image":false,"version":1,"name":"eds_result_column","scope":"ACCOUNT","decorated_by":[{"asset_type_name":"igc-common-properties-section"}],"allow_decorators":true}