{"fields":[],"relationships":[],"localized_metadata_attributes":{"name":{"fr":"Valeur de sortie","default":"Output Value","pt":"Valor de Saída","de":"Ausgabewert","it":"Valore di output","ko":"출력 값","ar":"قيمة المخرجات","iw":"ערך פלט","ru":"Выходное значение","en":"Output Value","zh":"输出值","ja":"出力値","zh-TW":"輸出值","es":"Valor de salida"}},"identity":{"strategy":"DUPLICATE_DETECTION_BY_RESOURCE_KEY"},"global_search_searchable":[],"attribute_only":false,"is_column_custom_attribute":false,"can_have_image":false,"version":1,"name":"eds_output_value","scope":"ACCOUNT","decorated_by":[{"asset_type_name":"custom-attribute-721f6090.6acd460b.6458m3vra.khlmdgk.ptjvpl.cgptt0o223r3siaqcm1j5"},{"asset_type_name":"custom-attribute-721f6090.6acd460b.6458m3vrd.8rvse9l.hbaaln.tonudof6snqvh550cvb7n"},{"asset_type_name":"custom-attribute-721f6090.6acd460b.6458m3vrd.nk4u6ab.vt2tu6.kco206esh4oktn20jjntv"},{"asset_type_name":"custom-attribute-721f6090.6acd460b.6458m3vrb.rc86vqu.ob5t9i.to0lr8m2r4725npf2jme3"},{"asset_type_name":"custom-attribute-721f6090.6acd460b.6458m3vrf.8uo3ijn.9buo2d.vpgs6gt0f3l2a2vu13hn4"},{"asset_type_name":"custom-attribute-721f6090.6acd460b.6458m3vre.60k3ab4.nd6s33.4am4o1mfupssj7of0oaeg"},{"asset_type_name":"igc-common-properties-section"},{"asset_type_name":"custom-attribute-721f6090.6acd460b.6458m3vre.nes5ddi.6ubil6.sb26cfn0vam91g2psh5oo"},{"asset_type_name":"custom-attribute-721f6090.6acd460b.6458m3vrb.a8jp10a.s4u3h8.v1t42srdj1avkafinsbld"},{"asset_type_name":"custom-attribute-721f6090.6acd460b.6458m3vrc.ar7k2ir.mqnvv4.u3haluq0lonalsjgguqkb"}],"allow_decorators":true}