{"fields":[],"relationships":[],"localized_metadata_attributes":{"name":{"fr":"Paramètre In","default":"In Parameter","pt":"Parâmetro de Entrada","de":"In-Parameter","it":"Parametro In","ko":"입력 매개변수","ar":"معامل In","iw":"פרמטר נכנס","ru":"Входной параметр","en":"In Parameter","zh":"只读参数","ja":"In パラメーター","zh-TW":"In 參數","es":"Parámetro In"}},"identity":{"strategy":"DUPLICATE_DETECTION_BY_RESOURCE_KEY"},"global_search_searchable":[],"attribute_only":false,"is_column_custom_attribute":false,"can_have_image":false,"version":1,"name":"eds_in_parameter","scope":"ACCOUNT","decorated_by":[{"asset_type_name":"igc-common-properties-section"}],"allow_decorators":true}