{"fields":[],"relationships":[],"localized_metadata_attributes":{"name":{"fr":"Définition de procédure mémorisée","default":"Stored Procedure Definition","pt":"Definição do Procedimento Armazenado","de":"Definition einer gespeicherten Prozedur","it":"Definizione di procedura memorizzata","ko":"스토어드 프로시저 정의","ar":"تعريف الاجراء الذي تم تخزينه","iw":"הגדרת פרוצדורה מאוחסנת","ru":"Определение хранимой процедуры","en":"Stored Procedure Definition","zh":"存储过程定义","ja":"ストアード・プロシージャー定義","zh-TW":"儲存程序定義","es":"Definiciones de procedimiento almacenado"}},"identity":{"strategy":"DUPLICATE_DETECTION_BY_RESOURCE_KEY"},"global_search_searchable":[],"attribute_only":false,"is_column_custom_attribute":false,"can_have_image":true,"version":1,"name":"eds_stored_procedure","scope":"ACCOUNT","decorated_by":[{"asset_type_name":"igc-common-properties-section"}],"allow_decorators":true}