{"fields":[],"relationships":[],"localized_metadata_attributes":{"name":{"fr":"Paramètre InOut","default":"InOut Parameter","pt":"Parâmetro de Entrada/Saída","de":"INOUT-Parameter","it":"Parametro InOut","ko":"입출력 매개변수","ar":"معامل InOut","iw":"פרמטר נכנס-יוצא","ru":"Параметр InOut","en":"InOut Parameter","zh":"读写参数","ja":"InOut パラメーター","zh-TW":"InOut 參數","es":"Parámetro InOut"}},"identity":{"strategy":"DUPLICATE_DETECTION_BY_RESOURCE_KEY"},"global_search_searchable":[],"attribute_only":false,"is_column_custom_attribute":false,"can_have_image":false,"version":1,"name":"eds_in_out_parameter","scope":"ACCOUNT","decorated_by":[{"asset_type_name":"igc-common-properties-section"}],"allow_decorators":true}