{"description":"A container for a logical data model","fields":[],"relationships":[],"properties":{"author":{"type":"string","description":"The organization or department that created the model.","is_array":false,"validated":false,"displayInChild":false,"restricted":false},"version":{"type":"string","description":"The version of the model or the release of the model.","is_array":false,"validated":false,"displayInChild":false,"restricted":false},"namespace":{"type":"string","description":"The value that helps to uniquely identify the model. It can include information about the business domain, name of the product or modeling tool","is_array":false,"validated":false,"displayInChild":false,"restricted":false},"copyright":{"type":"string","description":"The model copyright information.","is_array":false,"validated":false,"displayInChild":false,"restricted":false},"license":{"type":"string","description":"The model license information.","is_array":false,"validated":false,"displayInChild":false,"restricted":false},"notes":{"type":"string","is_array":false,"validated":false,"displayInChild":false,"restricted":false}},"localized_metadata_attributes":{"name":{"default":"Logical model","en":"Logical model","de":"Logisches Modell","es":"Modelo lógico","fr":"Modèle logique","it":"Modello logico","ja":"論理モデル","ko":"논리 모델","pt":"Modelo lógico","ru":"logical model","sv":"Logisk modell","zh":"逻辑模型","zh-TW":"邏輯模型"}},"identity":{"strategy":"DUPLICATE_DETECTION_BY_NAME_AND_RESOURCE_KEY"},"global_search_searchable":[],"attribute_only":false,"is_column_custom_attribute":false,"can_have_image":false,"version":1,"name":"ibm_logical_model","scope":"GLOBAL","decorated_by":[{"asset_type_name":"custom-attribute-721f6090.6acd460b.30tojvu8k.ghcpre0.7grk2m.go065ef2b6bm3hkf85lsp#steward"},{"asset_type_name":"custom-attribute-721f6090.6acd460b.6458m4o47.0fu9vgo.tlp1jv.lnfq5nd9f9fsni6mlg6v7#steward"},{"asset_type_name":"custom-attribute-721f6090.6acd460b.30tojvu8e.1c8sp10.4k558m.nmqrqufvphdmfjsjor8dq"},{"asset_type_name":"custom-attribute-721f6090.6acd460b.30tojvu8s.klibnmu.m3u9jh.03mujch9fg28el50h7gdv"},{"asset_type_name":"igc-common-properties-section"},{"asset_type_name":"custom-attribute-721f6090.6acd460b.30tojvu8o.6riemtn.p04dll.pho9m6fbni3cul2qouj3i"},{"asset_type_name":"custom-attribute-721f6090.6acd460b.30tojvu8j.sp7c136.dj3cb3.ka4539featkmis5qt15fu"}],"allow_decorators":true}