{"description":"Business intelligence report query","fields":[],"relationships":[],"properties":{"bi_server":{"type":"string","description":"Name of the business intelligence tool server information","is_array":false,"readonly":true,"validated":false,"displayInChild":false,"restricted":false,"label":{"default":"Server information","en":"Server information"}},"lineage_link":{"type":"string","description":"Visually explore lineage information","is_array":false,"hidden":true,"readonly":true,"validated":false,"displayInChild":false,"restricted":false,"label":{"default":"Lineage link","en":"Lineage link"}}},"localized_metadata_attributes":{"name":{"default":"Report query","en":"Report query","de":"Berichtsabfrage","es":"Consulta de informe","fr":"Requête de rapport","it":"Query del report","ja":"レポート・クエリー","ko":"보고서 쿼리","pt":"Consulta de relatório","ru":"Запрос отчета","sv":"Rapportfråga","zh":"报告查询","zh-TW":"報告查詢"}},"identity":{"strategy":"DUPLICATE_DETECTION_BY_NAME_AND_RESOURCE_KEY"},"global_search_searchable":[],"attribute_only":false,"is_column_custom_attribute":false,"can_have_image":false,"version":1,"name":"ibm_bi_report_query","scope":"GLOBAL","decorated_by":[{"asset_type_name":"custom-attribute-721f6090.6acd460b.30tojvu61.8ccv39f.gfl0or.mn88jmuf0e3i0jv4gnlu5"},{"asset_type_name":"custom-attribute-721f6090.6acd460b.30tojvu5i.34se2h1.2b36hd.rnh3nh9ljtsj1pgc088n6"},{"asset_type_name":"custom-attribute-721f6090.6acd460b.30tojvu8k.ghcpre0.7grk2m.go065ef2b6bm3hkf85lsp#steward"},{"asset_type_name":"custom-attribute-721f6090.6acd460b.30tojvu60.v7vksja.j58cqt.8pj43i5jh8fafq4692v7h"},{"asset_type_name":"custom-attribute-721f6090.6acd460b.30tojvu8e.1c8sp10.4k558m.nmqrqufvphdmfjsjor8dq"},{"asset_type_name":"custom-attribute-721f6090.6acd460b.30tojvu5i.7e3aaoa.gsq3d0.siur6dt8nad92dvrei2ke"},{"asset_type_name":"custom-attribute-721f6090.6acd460b.30tojvu8s.klibnmu.m3u9jh.03mujch9fg28el50h7gdv"},{"asset_type_name":"custom-attribute-721f6090.6acd460b.30tojvu61.3pm1emh.3ljr2u.ablngg2ibabuq01118a4p"},{"asset_type_name":"custom-attribute-721f6090.6acd460b.30tojvu60.q8essvq.o38abc.hubosku9l20gr0i5i7rl1"},{"asset_type_name":"custom-attribute-721f6090.6acd460b.30tojvu5h.uf0119k.kvs6us.f213mu9pcktoiit2sm5pq"},{"asset_type_name":"igc-common-properties-section"},{"asset_type_name":"custom-attribute-721f6090.6acd460b.30tojvu8o.6riemtn.p04dll.pho9m6fbni3cul2qouj3i"},{"asset_type_name":"custom-attribute-721f6090.6acd460b.30tojvu8j.sp7c136.dj3cb3.ka4539featkmis5qt15fu"},{"asset_type_name":"custom-attribute-721f6090.6acd460b.30tojvu6r.h8oo5hn.ggvosv.rg4e6pv94k2plse7eopgv#steward"},{"asset_type_name":"custom-attribute-721f6090.6acd460b.30tojvu5h.op4h3bk.2la52a.fnjprb4mkt4o6aduu71ua"}],"allow_decorators":true}