{"description":"Section represents common properties for columns applicable to assets in legacy IGC","fields":[],"relationships":[],"properties":{"stewards":{"type":"user_group","is_array":true,"validated":false,"displayInChild":false,"restricted":false,"label":{"default":"Stewards","ar":"المنظمون","de":"Stewards","en":"Stewards","es":"Representantes","fr":"Responsables","it":"Steward","iw":"אחראים","ja":"スチュワード","ko":"스튜워드","pt":"Organizadores","ru":"Ответственные","zh":"管理者","zh_TW":"管理員"}},"alias":{"type":"string","is_array":false,"validated":false,"displayInChild":false,"restricted":false,"label":{"default":"Alias (Business Name)","ar":"الاسم البديل (اسم الأعمال)","de":"Aliasname (Geschäftsname)","en":"Alias (Business Name)","es":"Alias (nombre de empresa)","fr":"Alias (nom métier)","it":"Alias (nome business)","iw":"כינוי (שם עסקי)","ja":"別名 (ビジネス名)","ko":"별명(비즈니스 이름)","pt":"Alias (Nome do Negócio)","ru":"Алиас (рабочее имя)","zh":"别名（业务名）","zh_TW":"別名（商業名稱）"}}},"localized_metadata_attributes":{"name":{"default":"Common Section"}},"decorates":[{"asset_type_name":"data_asset"}],"identity":{"strategy":"DUPLICATE_DETECTION_BY_RESOURCE_KEY"},"global_search_searchable":[],"attribute_only":true,"is_column_custom_attribute":true,"can_have_image":false,"version":1,"name":"igc-common-properties-section-columns","scope":"ACCOUNT","allow_decorators":false}