{"description":"inheritancebundlesectionsinheritance-stageinheritance","fields":[],"relationships":[],"properties":{"SuperTypeProperty":{"type":"string","is_array":false,"validated":false,"displayInChild":false,"restricted":false,"values":[],"label":{"default":"SuperTypeProperty"}}},"localized_metadata_attributes":{"name":{"default":"DataMass Stage Inheritance"}},"identity":{"strategy":"DUPLICATE_DETECTION_BY_RESOURCE_KEY"},"global_search_searchable":[],"attribute_only":false,"is_column_custom_attribute":false,"can_have_image":false,"version":1,"name":"inheritancebundlesectionsinheritance-stageinheritance","scope":"ACCOUNT","decorated_by":[{"asset_type_name":"igc-common-properties-section"},{"asset_type_name":"section-inheritancebundlesectionsinheritance-stageinheritance-common_section"},{"asset_type_name":"section-inheritancebundlesectionsinheritance-stageinheritance-superclass_section"}],"allow_decorators":true}