{"description":"Represents section 'superclass_section' migrated from OpenIGC inheritancebundlesectionsinheritance-stageinheritance type","fields":[],"relationships":[],"properties":{"bundleStringSingleVal2":{"type":"string","is_array":false,"validated":false,"displayInChild":false,"restricted":false,"values":[],"label":{"default":"SuperStringProperty2"}}},"localized_metadata_attributes":{"name":{"default":"Superclass section"}},"decorates":[{"asset_type_name":"inheritancebundlesectionsinheritance-stageinheritance"}],"identity":{"strategy":"DUPLICATE_DETECTION_BY_RESOURCE_KEY"},"global_search_searchable":[],"attribute_only":true,"is_column_custom_attribute":false,"can_have_image":false,"version":1,"name":"section-inheritancebundlesectionsinheritance-stageinheritance-superclass_section","scope":"ACCOUNT","allow_decorators":false}