{"description":"Represents section 'def_my_details' migrated from OpenIGC translationbundle-project type","fields":[],"relationships":[],"properties":{"author":{"type":"string","is_array":false,"validated":false,"displayInChild":false,"restricted":false,"values":[],"label":{"default":"Author","de":"DE_Author"}}},"localized_metadata_attributes":{"name":{"de":"DE_Job Details","default":"Job Details"}},"decorates":[{"asset_type_name":"translationbundle-project"}],"identity":{"strategy":"DUPLICATE_DETECTION_BY_RESOURCE_KEY"},"global_search_searchable":[],"attribute_only":true,"is_column_custom_attribute":false,"can_have_image":false,"version":1,"name":"section-translationbundle-project-def_my_details","scope":"ACCOUNT","allow_decorators":false}