{"description":"Represents section 'common_section' migrated from OpenIGC inheritancebundlesectionsinheritance-stage_transformerinheritance type","fields":[],"relationships":[],"properties":{"commonStringVal":{"type":"string","is_array":false,"validated":false,"displayInChild":false,"restricted":false,"values":[],"label":{"default":"SuperStringProperty"}},"bundleStringSingleVal3":{"type":"string","is_array":false,"validated":false,"displayInChild":false,"restricted":false,"values":[],"label":{"default":"TransformerSectionProperty"}}},"localized_metadata_attributes":{"name":{"default":"Common section"}},"decorates":[{"asset_type_name":"inheritancebundlesectionsinheritance-stage_transformerinheritance"}],"identity":{"strategy":"DUPLICATE_DETECTION_BY_RESOURCE_KEY"},"global_search_searchable":[],"attribute_only":true,"is_column_custom_attribute":false,"can_have_image":false,"version":1,"name":"section-inheritancebundlesectionsinheritance-stage_transformerinheritance-common_section","scope":"ACCOUNT","allow_decorators":false}