{"description":"Represents section 'section_of_double_properties' migrated from OpenIGC mapreduce1typeallbuiltinpropssections-computer type","fields":[],"relationships":[],"properties":{"bundleDoubleMultiVal":{"type":"number","is_array":true,"validated":false,"displayInChild":false,"restricted":false,"values":[],"label":{"default":"bundleDoubleMultiVal"}},"bundleDoubleSingleVal":{"type":"number","is_array":false,"validated":false,"displayInChild":false,"restricted":false,"values":[],"label":{"default":"bundleDoubleSingleVal"}}},"localized_metadata_attributes":{"name":{"default":"Section of Double Properties"}},"decorates":[{"asset_type_name":"mapreduce1typeallbuiltinpropssections-computer"}],"identity":{"strategy":"DUPLICATE_DETECTION_BY_RESOURCE_KEY"},"global_search_searchable":[],"attribute_only":true,"is_column_custom_attribute":false,"can_have_image":false,"version":1,"name":"section-mapreduce1typeallbuiltinpropssections-computer-section_of_double_properties","scope":"ACCOUNT","allow_decorators":false}