{"description":"Represents section 'job_details' migrated from OpenIGC datamass-job type","fields":[],"relationships":[],"properties":{"author":{"type":"string","is_array":false,"validated":false,"displayInChild":false,"restricted":false,"values":[],"label":{"default":"Author","de":"Author"}}},"localized_metadata_attributes":{"name":{"de":"Prozessdetails","default":"Job Details"}},"decorates":[{"asset_type_name":"datamass-job"}],"identity":{"strategy":"DUPLICATE_DETECTION_BY_RESOURCE_KEY"},"global_search_searchable":[],"attribute_only":true,"is_column_custom_attribute":false,"can_have_image":false,"version":1,"name":"section-datamass-job-job_details","scope":"ACCOUNT","allow_decorators":false}