{"metadata":[{"version":3,"definition":{"name":"AdditionalNameIfExistsThenValid","description":"Additional Name If Exists Then Valid; Additional Name should be more than 0 or 1 characters","expression":"IF AdditionalName EXISTS THEN len(trim(AdditionalName)) > 1","id":"847716ed-1a8a-4c0a-bba8-1b22b39ea09c","href":"/data_quality/v3/projects/8e5d9658-35fc-4dbd-81c3-7ffd3f50a0cc/definitions/847716ed-1a8a-4c0a-bba8-1b22b39ea09c"},"tags":["all measures","all triggers","all verbs"],"asset_terms":{"assigned_terms":[{"term_id":"8d38bcd5-717a-4eaf-87db-8236b37f562f_13890350-f5e0-4d53-a2da-85816cb5ba53","term_display_name":"client_id"},{"term_id":"8d38bcd5-717a-4eaf-87db-8236b37f562f_b1b106aa-7b2e-441e-bbbe-daafffcf207b","term_display_name":"bankcard"}]},"custom_attributes":[{"custom-attribute-721f6090.6acd460b.5nl8kv1co.82ae8qv.apa4af.o62ek6dh7h19t9mkho2ul":{"property_details":"Suresh Tirumalaseti"},"custom-attribute-721f6090.6acd460b.5nl8kv1dn.0snamrh.4t815s.ki10d4kid7aelirucpujd":{"property_details":1}}]}]}