{"metadata":[{"version":3,"definition":{"name":"StreetDirectionalIfExistsThenValidValues","description":"Street Directional If Exists Then Valid; expects uppercase value; use with pre- or post-directional","expression":"IF Directional EXISTS AND len(trim(Directional)) <> 0 THEN rtrim(Directional) IN_REFERENCE_LIST {'E','N','S','W','NE','NW','SE','SW'}","id":"b7e22d21-8e1e-4318-887b-2b3c524cbe3c","href":"/data_quality/v3/projects/8e5d9658-35fc-4dbd-81c3-7ffd3f50a0cc/definitions/b7e22d21-8e1e-4318-887b-2b3c524cbe3c"}}]}