{"metadata":[{"version":3,"definition":{"name":"MiddleNameValid","description":"Middle Name Valid; validate for ascii and unicode characters, whitespace, hyphens, apostrophes, and diacritical marks","expression":"IF MiddleName EXISTS AND len(trim(MiddleName)) <> 0 THEN MiddleName MATCHES_REGEX '^[A-Za-z\\-\\p{L}\\p{Zs}\\p{Lu}\\p{Ll}\\p{M}\\']+'","id":"6e8c3b5b-efb2-494e-a841-3e31fd3cc6a6","href":"/data_quality/v3/projects/8e5d9658-35fc-4dbd-81c3-7ffd3f50a0cc/definitions/6e8c3b5b-efb2-494e-a841-3e31fd3cc6a6"}}]}