{"metadata":[{"version":3,"definition":{"name":"SalesamtWDiscountLookupValid","description":"Quantity * price computation is valid (with discount) - w/ lookup; with price & discount lookup where priceCol or discountCol is returned where productCode = productKeyRefCol","expression":"(qtyValue1 * lookup(productCode, productKeyRefCol, priceCol)) - (qtyValue1 * lookup(productCode, productKeyRefCol, discountCol)) = totalAmount","id":"8bc549d9-f0c8-412d-b3c4-f7d4e2e388c7","href":"/data_quality/v3/projects/8e5d9658-35fc-4dbd-81c3-7ffd3f50a0cc/definitions/8bc549d9-f0c8-412d-b3c4-f7d4e2e388c7"}}]}