{"metadata":[{"version":3,"definition":{"name":"MatchPrimaryWordsIs1","description":"If Match Primary Words is 1 then only 1 Primary Match Word; validate that number of primary words matches populated fields","expression":"IF val(NumPrimaryMatchWord) = 1 THEN MatchWord1 EXISTS AND len(trim(MatchWord1)) <> 0 AND len(trim(MatchWord2)) = 0 AND len(trim(MatchWord3)) = 0 AND len(trim(MatchWord4)) = 0 AND len(trim(MatchWord5)) = 0","id":"962a7aef-a90f-4231-8449-e735df9e36be","href":"/data_quality/v3/projects/8e5d9658-35fc-4dbd-81c3-7ffd3f50a0cc/definitions/962a7aef-a90f-4231-8449-e735df9e36be"}}]}