{"metadata":[{"version":3,"definition":{"name":"UnitAndMultiunitTypeIfExistsThenValidValue","description":"Unit and Multi-Unit Type If Exists Then Valid; expects uppercase value","expression":"IF UnitType EXISTS AND len(trim(UnitType)) <> 0 THEN rtrim(UnitType) IN_REFERENCE_LIST {'APT','APTS','BSMT','DEPT','FRNT','HNGR','LOT','LOWR','OFC','PH','PIER','REAR','RM','SIDE','SLIP','SPC','STE','STOP','UNIT','UPPR'}","id":"f10f6563-905d-44e3-a85c-db6be9d32fee","href":"/data_quality/v3/projects/8e5d9658-35fc-4dbd-81c3-7ffd3f50a0cc/definitions/f10f6563-905d-44e3-a85c-db6be9d32fee"}}]}