{"metadata":[{"version":3,"definition":{"name":"MrktValueChgCurr_Prior","description":"compare market value of portfolio for current business day and previous business day for swings in value of more than 10%.; compare market value of portfolio for current business day and previous business day by summing the holdings for the portfolios fo","expression":"sum(marketValuePrior,portfolioID) = 0 OR (abs(1 - (sum(marketValueCurrent,portfolioID))) / (sum(marketValuePrior,portfolioID)) ) <= 0.1","id":"434d5c83-8042-4381-b6e7-87acf932721a","href":"/data_quality/v3/projects/8e5d9658-35fc-4dbd-81c3-7ffd3f50a0cc/definitions/434d5c83-8042-4381-b6e7-87acf932721a"}}]}