{"metadata":[{"version":3,"definition":{"name":"IfDodExistsThenGtDobString","description":"Date of Death can be blank, but if it exists it must be >= Date of Birth and not a future date; applied to string data; If a format is not specified, the function assumes (%yyyy-%mm-%dd) as the default format","expression":"IF DateDeath EXISTS THEN datevalue(DateDeath) >= datevalue(DateBirth) AND datevalue(DateDeath) <= date()","id":"d5263a79-8c09-45d7-af7b-d1894db54344","href":"/data_quality/v3/projects/8e5d9658-35fc-4dbd-81c3-7ffd3f50a0cc/definitions/d5263a79-8c09-45d7-af7b-d1894db54344"}}]}