{"metadata":[{"version":3,"definition":{"name":"CityStateAndZipCodeComboIsValid","description":"City State and Zip Code combo is valid; NOTE: if available, use an ADDRESS VERIFICATION module as that will contain official and current Postal Reference data and will produce the best set of validation results","expression":"trim(City) + '|' + trim(State) + '|' +  trim(ZipCode) IN_REFERENCE_COLUMN trim(masterCity) + '|' +  trim(masterState) + '|' +  trim(masterZipCode)","id":"5e88e8e4-e59e-475c-bc5d-e4cf83adb488","href":"/data_quality/v3/projects/8e5d9658-35fc-4dbd-81c3-7ffd3f50a0cc/definitions/5e88e8e4-e59e-475c-bc5d-e4cf83adb488"}}]}