{"metadata":[{"version":3,"definition":{"name":"MatchPrimaryWordsIsGe5","description":"If Match Primary Words is greater or equal to 5 then all 5 Primary Match Words; validate that number of primary words matches populated fields","expression":"IF val(NumPrimaryMatchWord) >= 5 THEN MatchWord1 EXISTS AND len(trim(MatchWord1)) <> 0 AND len(trim(MatchWord2)) <> 0 AND len(trim(MatchWord3)) <>  0 AND len(trim(MatchWord4)) <>  0 AND len(trim(MatchWord5)) <>  0","id":"9be31168-906b-4870-bde2-055649096387","href":"/data_quality/v3/projects/8e5d9658-35fc-4dbd-81c3-7ffd3f50a0cc/definitions/9be31168-906b-4870-bde2-055649096387"}}]}