{"metadata":[{"version":3,"definition":{"name":"ChildInRangeCalc","description":"Derived Age Child:  Age >= 0 and < 18; applied to derived age calculated as the absolute value of the difference between the current date and date of birth","expression":"abs(datediff(date(),DateOfBirth)) / 365 >= MinAge AND abs(datediff(date(),DateOfBirth)) / 365 < AdultAge","id":"2c6b7baf-9586-42d2-adcb-f26a09706df8","href":"/data_quality/v3/projects/8e5d9658-35fc-4dbd-81c3-7ffd3f50a0cc/definitions/2c6b7baf-9586-42d2-adcb-f26a09706df8"}}]}