{"metadata":[{"version":3,"definition":{"name":"SalesamtWDiscount_TaxLookupValid","description":"Quantity * price computation is valid (with discount before salesTax) - w/ lookup; with price & discount lookup where priceCol or discountCol is returned where productCode = productKeyRefCol","expression":"(qtyValue1 * lookup(productCode, productKeyRefCol, priceCol)) - (qtyValue1 * lookup(productCode, productKeyRefCol, discountCol)) + (((qtyValue1 * lookup(productCode, productKeyRefCol, priceCol)) - (qtyValue1 * lookup(productCode, productKeyRefCol, discountCol))) * salesTax) = totalAmount","id":"a0812ca8-d9f3-48e8-be8e-496662ba77c2","href":"/data_quality/v3/projects/8e5d9658-35fc-4dbd-81c3-7ffd3f50a0cc/definitions/a0812ca8-d9f3-48e8-be8e-496662ba77c2"}}]}