{"metadata":[{"version":3,"definition":{"name":"ProductDescriptionValidCharacters","description":"Product Description has valid characters; valid characters are: &, #, all alphanumeric including diacritical marks","expression":"masterproductdescription MATCHES_REGEX '^[A-Za-z0-9\\-\\&\\#\\p{L}\\p{Zs}\\p{Lu}\\p{Ll}\\p{Ll}\\p{M}\\p{N}\\']+'","id":"e4fbec34-8f85-4cdc-9fcf-630506d11cfc","href":"/data_quality/v3/projects/8e5d9658-35fc-4dbd-81c3-7ffd3f50a0cc/definitions/e4fbec34-8f85-4cdc-9fcf-630506d11cfc"}}]}