{"metadata":[{"version":3,"definition":{"name":"ValidCountryOfOperation","description":"Valid Country of Operation; example: if the sum of the market value for a portfolio ID <> 0, then the country of operation exists and is not 'XX'","expression":"IF sum(marketValue, portfolioID) <> 0 THEN countryOfOperation EXISTS AND countryOfOperation <> 'XX'","id":"42d28cd9-84fb-4312-9dc1-b9d28456a71f","href":"/data_quality/v3/projects/8e5d9658-35fc-4dbd-81c3-7ffd3f50a0cc/definitions/42d28cd9-84fb-4312-9dc1-b9d28456a71f"}}]}