{"metadata":[{"version":3,"definition":{"name":"IsoCountryCode3DigitNumericIsValid","description":"ISO Country Code 3 digit numeric is valid or user assigned (900 to 999); 3 digit numeric value and ISO Country code lookup to Country reference table","expression":"CountryCd IN_REFERENCE_COLUMN isoCountryCdNum3 OR (CountryCd >= 900 AND CountryCd <= 999)","id":"31057b24-231f-4e48-ae53-c85f6e6e6c8b","href":"/data_quality/v3/projects/8e5d9658-35fc-4dbd-81c3-7ffd3f50a0cc/definitions/31057b24-231f-4e48-ae53-c85f6e6e6c8b"}}]}