{"metadata":[{"version":3,"definition":{"name":"ValidUpc_AFormat","description":"Valid UPC-A format; A system of encoding used within the United States and Canada for tracking items in that can be purchased in stores.   Uses a 12 digit decimal string for encoding","expression":"IF UPC EXISTS AND len(trim(UPC)) <> 0 THEN len(trim(UPC)) = 12 AND UPC MATCHES_REGEX '\\\\d{12}?'","id":"b52b2a51-0616-4ad5-8be3-788736fa7096","href":"/data_quality/v3/projects/8e5d9658-35fc-4dbd-81c3-7ffd3f50a0cc/definitions/b52b2a51-0616-4ad5-8be3-788736fa7096"}}]}