{"metadata":[{"version":3,"definition":{"name":"ValidUsPhoneFormat","description":"Valid US Phone format; US Phone Numbers are the 7-11 digit numbering scheme using the US designation","expression":"IF USPhone EXISTS AND len(trim(USPhone)) <> 0 THEN len(trim(USPhone)) >= 7 AND USPhone MATCHES_REGEX '^((1|\\+1)?( |-|.)?)?(([2-9]{1}[0-9]{2})?|[2-9]{1}[0-9]{2})( |-|.)?([a-zA-Z0-9]{3}( |-|.)?[a-zA-Z0-9]{4})[ ]*((( |x|X|ext|ext.|extension|Ext|Ext.|Extension|EXT|EXT.|#){1}[ ]?([0-9]){1,7})([*]){0,1}){0,1}$'","id":"e735a04e-d085-4f17-9d02-1e4e9fac6bff","href":"/data_quality/v3/projects/8e5d9658-35fc-4dbd-81c3-7ffd3f50a0cc/definitions/e735a04e-d085-4f17-9d02-1e4e9fac6bff"}}]}