{"metadata":[{"version":3,"definition":{"name":"FieldaPlusConcatenatedKeyInRefMaster","description":"fieldA exists and a combination of literals + fieldA in a reference column; can use + operator to concatenate string data including literals and string fields","expression":"fieldA EXISTS AND 'ABC'+'XYZ'+fieldA IN_REFERENCE_COLUMN vc_combined_column","id":"d31780ba-4d25-4d0a-a08f-242d74fd04ba","href":"/data_quality/v3/projects/8e5d9658-35fc-4dbd-81c3-7ffd3f50a0cc/definitions/d31780ba-4d25-4d0a-a08f-242d74fd04ba"}}]}