{"metadata":[{"version":3,"definition":{"name":"SalesamtWTaxLookupValid","description":"Quantity * price computation is valid (with salesTax) - w/ lookup; with price lookup where priceCol is returned where productCode = productKeyRefCol","expression":"(qtyValue1 * lookup(productCode, productKeyRefCol, priceCol)) + (qtyValue1 * lookup(productCode, productKeyRefCol, priceCol) * salesTax) = totalAmount","id":"2111417c-5352-4954-a33f-e1db29f5d8b5","href":"/data_quality/v3/projects/8e5d9658-35fc-4dbd-81c3-7ffd3f50a0cc/definitions/2111417c-5352-4954-a33f-e1db29f5d8b5"}}]}