{"metadata":[{"version":3,"definition":{"name":"ChildNotMarriedCalc","description":"If Child (derived) then Marital Status = 'N'; applied to derived age calculated as the absolute value of the difference between the current year and year of birth","expression":"IF abs(datediff(date(),DateOfBirth)) / 365 < AdultAge THEN MaritalStatus = 'N'","id":"6c67021e-4dfa-49eb-8ff9-cf74e059f62f","href":"/data_quality/v3/projects/8e5d9658-35fc-4dbd-81c3-7ffd3f50a0cc/definitions/6c67021e-4dfa-49eb-8ff9-cf74e059f62f"}}]}